{"cameraMode":{"drawMode":0,"name":"Shaded","section":"Shading Mode"},"sceneLighting":false,"audioPlay":false,"sceneViewState":{"m_AlwaysRefresh":false,"showFog":true,"showSkybox":false,"showFlares":true,"showImageEffects":true,"showParticleSystems":true,"showVisualEffectGraphs":true,"m_FxEnabled":true},"in2DMode":false,"pivot":{"x":1.6742522716522217,"y":1.5610357522964478,"z":-0.046541690826416019},"rotation":{"x":-0.13147708773612977,"y":-0.48852771520614626,"z":0.07473762333393097,"w":-0.8593858480453491},"size":2.6742470264434816,"orthographic":false}