{"cameraMode":{"drawMode":0,"name":"Shaded","section":"Shading Mode"},"sceneLighting":false,"audioPlay":false,"sceneViewState":{"m_AlwaysRefresh":false,"showFog":true,"showSkybox":false,"showFlares":true,"showImageEffects":true,"showParticleSystems":true,"showVisualEffectGraphs":true,"m_FxEnabled":true},"in2DMode":false,"pivot":{"x":-28.52577018737793,"y":2.5277936458587648,"z":-8.526721954345704},"rotation":{"x":-0.24146810173988343,"y":-0.08372216671705246,"z":0.020915592089295389,"w":-0.9665659666061401},"size":3.7782106399536135,"orthographic":false}